year-month	102-2621-b-492-001-	104ktcoralreefs	2015-nnplant_fish	2017npgis	a10200602	a10200616	a10200619	ardisia	bbstaiwan_dataset	biosurvey	bird	bottom_trawl	cyanidia	deep-sea-fishes	deposit_of_patent_bio-material_in_bcrc	e10007001_3_66	e1001a040	e10100001_4_10	e1021a008	e1021a020	e10500020	eeft	esri	example_fishdb	fish	forest_resource	forest_resource-4	fri	gueishan_island	hast	investigations_current_status	khbiodiv_2015	koef_whale_dolphin_observation	lampriformes_systematic	manager_17_15	manager_3_20	manager_41_17	mlsp	mosses-fissidens-taiwan	moth_survey	national_park	national_parts_taiwan-2016	nmmba	nmmb_db	nmmst_db	nmns	np2014	npgis_2015	nthu_db	ntm	ntou_db	ntu	nvdimp	occurence_scyllaserrata	permanent_plot	pgl_scyllaolivacea	pgl_scyllatranquebarica	philippine_birds	phil_amphibians	plantae_db	plant_collection	r10005801_40_27	r10007802_13_77	r10008801	r10100217_3_29	r10105001	r10105001_35_8	r10106034_3_28	r1011a009_3_41	r10204013	r10204014	r10405002	r10408008	shyen	tad_db	tai	taibnet_coa_wildlife_consev	taibnet_com_all	taibnet_endemic	taibnet_iucn	taif	tamsui_estuary	tari_db	tesri_fb	tw_tfri_alien_plant_survey	zenlun
201101	1317	1161	148	3210	104145	1137	2180	13	401963	31279	72199	4305	2	4456	673	2541	174	3521	2514	379	23947	1000	46413	32191	32191	28991	118663	3998	188	59406	70983	9079	6296	0	51074	5513	11	8477	0	9866	9601	2970	1164	5731	1193	29217	3360	3090	499	1161	596	6385	55034	7	87413	8	7	839	125	85696	64	122	1497	143	631	19367	16417	414	362	12	74	124881	916	383	21592	153982	280	74288	11420	727	454886	732	4782	20450	4195	75503
201102	1474	797	188	2340	76739	1091	2499	18	393500	18327	48132	2823	3	2885	546	3132	104	3612	2088	397	32895	1286	30333	30195	18466	24927	141483	3427	132	75530	77437	9958	4092	0	51803	4688	12	9088	0	8496	6400	2490	1134	8187	1143	42385	2400	3510	574	1396	596	10095	82552	5	98034	9	4	706	143	59751	42	111	1654	156	659	18941	13078	506	259	13	82	118019	905	364	20564	100267	174	58287	6993	628	422964	1131	5410	21937	4000	78353
201103	870	1013	137	3420	100491	1864	3136	20	397731	18327	72772	3246	2	3835	770	3427	175	5944	2109	345	21052	964	36180	29446	22209	28178	132355	3570	193	61952	81022	12008	4302	0	87555	4818	13	9622	0	6395	5680	2400	1265	5605	1266	31686	2790	3330	524	1631	518	7334	66827	4	91498	8	6	544	140	77834	43	110	2462	153	559	21708	17112	331	327	13	81	167423	974	374	31103	105042	278	60002	10712	522	446905	1046	4299	23982	3610	84763
201104	1305	1279	208	2310	73998	1697	2548	11	537361	20771	46413	3881	2	4712	964	2836	133	4252	1886	276	23158	1548	35815	25454	22958	31701	184080	3391	140	79774	59511	11325	6034	0	51803	3299	12	8553	0	8313	9361	3540	722	8187	1476	31274	3540	3540	504	1323	421	8629	69186	8	102118	8	5	780	145	55034	39	73	1536	165	592	21921	16278	465	398	16	87	112530	1249	380	19278	134883	238	69716	11243	716	502768	732	3913	14315	5708	84763
201105	894	1239	190	3060	112367	1318	1715	19	300414	31034	68188	2929	2	3543	643	3723	114	4298	1500	305	31842	1214	38007	20962	26202	29262	165824	3927	179	92503	57360	8493	6453	0	87555	3646	8	8782	0	8679	9041	2190	883	7242	1586	34566	2760	3330	495	1617	354	7593	59751	9	68623	6	6	920	125	102207	66	110	2423	147	443	22985	11547	318	395	11	102	118019	1019	291	26990	134883	229	50287	10889	522	375081	798	4202	18405	5562	64107
201106	1100	836	206	3150	114195	1258	2891	20	401963	17594	45840	4128	2	2995	777	2629	123	5624	2352	478	30789	952	35449	20962	26701	27636	152133	3534	146	105233	68115	11520	6716	0	64937	3993	11	9011	0	7856	6880	3090	1034	6549	1488	37858	2550	3780	386	1617	499	6471	96703	6	90681	4	6	956	101	64469	39	102	2186	116	642	18729	10573	343	385	19	106	128998	1123	374	30588	140851	187	51430	6816	669	295277	874	4009	15802	4683	74791
201107	991	1111	163	2700	93183	1788	2499	16	456968	27613	68761	3529	3	2849	703	2482	181	4481	1521	471	20526	928	25582	17718	22709	21134	123227	3355	126	63649	55926	6834	6138	0	79529	3038	11	8095	0	8405	7680	3330	1064	7242	1426	44443	2820	3570	425	1308	586	6730	77048	5	62088	7	5	691	96	69972	41	114	2521	121	409	15536	17808	372	298	12	64	101551	813	426	18250	132496	204	50287	6816	510	367101	1103	6183	15058	3512	53422
201108	1281	1259	147	3300	103232	1788	2621	15	389269	22482	64177	3493	3	3068	942	2895	175	4390	2352	452	32631	1024	38373	23208	28947	35223	179516	2856	167	106931	68115	11715	4932	0	79529	5426	9	6415	0	9592	5760	2130	853	7242	1303	46500	3210	2370	435	1455	514	8283	89627	8	95583	7	8	588	154	70758	41	126	1930	120	609	18303	13217	335	226	10	99	155072	1226	403	30846	153982	262	58859	7879	493	490798	808	4492	13757	5269	67668
201109	979	1220	203	2610	90442	1955	2964	13	520436	30301	55008	4023	3	4347	695	2836	110	5076	2048	456	28421	1524	43124	23208	30445	27365	114099	3677	196	66195	58794	10348	6138	0	88285	3603	13	7789	0	6486	8641	3870	843	8124	1586	35801	2670	3870	455	1117	528	9146	98276	8	106203	6	6	691	120	80979	48	74	2403	120	570	25965	17530	523	268	16	61	118019	905	344	32388	119366	227	50859	9030	651	446905	884	5217	23238	5610	61970
201110	1366	787	153	2490	84961	1121	3062	13	296183	28835	64177	3493	3	2885	935	3161	126	4938	1500	386	26052	1214	28505	22958	20962	23843	118663	4355	137	86563	83173	9177	5981	0	68585	3993	10	6491	0	9044	6240	3870	1034	6109	910	36212	3180	2340	490	1675	358	10268	97490	7	61271	6	8	861	157	91986	37	97	1851	139	531	26816	15304	419	294	11	60	171540	1294	244	31360	114591	296	59430	11066	410	279316	865	3864	23982	3756	86900
201111	1354	708	160	2280	72171	1288	1886	19	406194	25170	55581	3281	3	4493	785	3280	136	3932	1906	316	20263	1071	32891	19464	25204	35223	108014	3498	134	98444	90343	12496	4722	0	78070	5469	10	6415	0	6943	10241	2220	1184	4534	1549	42797	2310	2940	415	1911	451	9750	96703	5	66172	5	5	927	146	99062	40	96	1753	97	592	25539	16417	481	379	18	69	164678	1294	307	26476	112204	185	53144	11066	645	391042	1065	5024	13571	6147	69093
201112	882	1062	195	3570	114195	1516	3062	18	414656	29568	63604	3846	2	4127	890	2629	181	4847	2109	423	31579	1214	29967	21461	26202	28720	130834	3391	188	89109	66681	8689	6506	0	53992	5209	8	6185	0	6760	10241	3870	823	7935	910	34155	2670	3449	495	1249	485	8370	101421	7	82511	7	6	853	86	84910	66	124	1674	111	626	23411	12104	381	395	11	68	163306	928	268	20821	124140	271	74288	10712	498	379071	732	3430	22866	4439	70517
201201	1245	1062	174	2460	105059	1819	2695	20	541592	29813	73918	4411	3	4127	665	2600	123	3978	1744	309	18947	1524	30333	22459	20712	22488	179516	3177	119	99293	93211	11129	6611	0	80988	5643	12	7713	0	8861	8481	3720	813	7746	1094	32920	2910	3449	499	1514	625	9233	66827	8	103752	8	7	684	146	97490	65	122	1576	163	637	25113	15582	414	272	18	96	160561	974	417	21335	120559	280	44001	6816	604	319218	884	6038	19148	6098	86900
201202	991	1190	201	3720	73084	1849	1911	19	368113	29080	45267	2540	3	2922	531	2511	108	5533	2271	456	31052	1143	27044	30944	29696	21676	171910	3034	116	83168	88192	8493	4617	0	51803	4688	8	6033	0	10963	7200	2700	1144	7494	1562	41974	3840	2100	400	1264	572	7852	75476	8	82511	5	8	853	139	81765	39	110	2226	107	531	22985	13356	490	375	18	97	96062	882	235	32645	149207	266	68574	8056	528	498778	1141	4251	17289	5269	75503
201203	1233	1052	148	2790	78566	1288	2009	18	469662	24681	73918	3352	2	3908	598	3516	114	4893	1581	301	33421	1238	27409	26202	28448	31159	161260	3248	169	104385	58077	9372	5876	0	70044	4037	9	7484	0	7856	6240	2550	1044	4471	1180	36624	2940	2580	470	1131	441	11217	90414	7	57186	8	6	787	90	78621	62	125	2541	129	653	22772	16834	456	259	11	74	111157	1398	278	27504	150401	280	70288	8675	463	494788	1074	4444	23424	5854	65531
201204	1329	688	184	3840	73084	1591	2450	20	452737	29813	73918	3493	3	4164	590	3723	176	5716	2291	474	30263	1179	44220	17967	31692	21405	164303	4391	194	62800	78871	7224	5194	0	79529	3906	12	6567	0	8496	6240	3210	823	7935	1291	32097	2730	2520	638	1352	431	10699	59751	7	105386	6	8	839	104	101421	57	121	2403	161	387	17239	15860	377	333	11	85	166050	882	281	18507	142045	180	56573	6816	451	498778	1008	4251	21007	3415	89749
201205	1100	1210	200	3210	117849	1076	3136	16	418887	22237	63604	4093	2	3214	725	3723	136	5579	2109	434	30526	905	28505	32441	20962	25198	146047	3819	113	76379	65964	12301	4407	0	63477	3993	10	7789	0	7674	8081	3570	893	7998	1291	30863	3120	3750	514	1396	354	9664	88841	8	67806	7	8	669	104	73903	41	92	2186	129	487	24049	9878	532	246	16	75	116647	813	244	27761	109816	292	40572	7879	510	462866	1074	4154	13385	4195	77640
201206	979	806	123	2580	74911	1227	3160	14	516205	27858	65323	3599	3	4566	897	2807	126	5716	2494	382	23158	1107	39835	31193	31193	29262	111057	3213	147	64498	83890	7517	5719	0	85366	3472	10	9928	0	7034	7600	3810	943	5479	971	53496	2730	3750	633	1602	601	7507	81765	5	68623	5	4	677	137	99062	37	123	1753	116	542	25326	12243	372	317	19	61	101551	1306	297	26476	142045	238	55430	6197	751	295277	751	3768	22681	3512	69805
201207	1366	1210	179	3570	80393	1500	3160	20	486586	31768	55008	2929	3	4639	523	2482	110	5670	2595	309	30000	833	32160	21461	30694	20050	146047	3248	138	67044	71701	9470	3725	0	57640	4558	12	7866	0	8222	6480	3479	803	7809	910	46500	3750	2400	425	1690	339	7162	88055	5	93132	4	7	920	145	88055	67	108	2068	104	493	20644	11269	339	230	10	99	104296	1283	430	18250	134883	255	60573	8498	645	482817	817	5555	15802	4830	69805
201208	1148	1121	174	3180	88615	1970	2033	14	448506	29324	66469	3317	2	4639	882	2866	158	3338	2007	294	23421	1488	34718	28698	29446	21946	123227	2677	172	68741	56643	11422	5299	0	92663	4427	12	8400	0	8039	7760	3660	1244	4786	1279	52261	2160	3540	509	1837	426	7938	95131	7	63722	6	5	728	126	79407	40	122	2245	134	653	25965	15721	452	401	16	103	100179	985	294	19278	88330	290	64002	11243	733	486808	1188	4637	21379	3610	73366
201209	1293	974	126	3300	86788	1243	1862	17	541592	29324	66469	4517	2	3470	845	3546	104	4801	2291	448	31842	1024	43489	30195	31443	31430	193208	2891	151	63649	76003	11715	5981	0	75151	3733	11	6567	0	10963	6880	3449	1104	6172	1143	41151	2730	3750	405	1176	349	7248	82552	5	79244	8	5	839	115	55820	58	123	1753	123	559	19367	11269	381	226	10	69	171540	1054	393	23905	153982	248	54859	11243	604	311237	770	4782	19520	4244	73366
201210	1305	777	118	2250	71257	1349	2425	14	528898	27613	69907	3493	2	4054	935	3693	150	3384	2109	257	27368	1238	38007	26701	18217	23572	196251	2998	134	86563	91777	11129	5194	0	78800	4905	8	8782	0	7126	6160	2700	732	5290	1045	30863	2460	3690	410	1793	509	11217	80979	6	106203	5	5	839	114	90414	67	114	2068	125	526	22559	13495	389	340	15	74	152327	1237	413	22877	89524	252	40001	6905	616	438925	827	5024	23238	3464	79065
201211	1305	1200	144	2670	93183	1425	2891	17	321570	25170	70480	3317	3	3397	949	2659	172	4024	2453	393	22105	1143	43124	22209	27200	30888	194730	2820	152	60254	68832	12399	4092	0	83177	4297	11	8706	0	8496	9841	3180	843	7809	1562	37858	2190	2220	440	1367	446	10354	91200	6	96400	5	6	691	130	72331	46	113	1950	128	675	27029	13913	481	340	13	59	96062	1077	314	33159	100267	178	72574	7967	410	339169	1112	3864	23796	5366	71942
201212	1051	846	166	2430	77652	1182	2376	18	363882	17350	72772	4270	2	3543	688	3427	136	3612	1460	342	28684	1417	36911	27200	30445	29262	130834	4141	196	72984	76720	11813	4564	0	53992	5209	9	7560	0	7674	7360	2100	1234	6801	1586	37447	3570	3060	425	1675	562	6989	63683	6	63722	7	7	655	113	73117	40	117	2029	107	515	18516	12660	473	369	18	99	155072	1363	317	25705	109816	243	67431	11154	604	351140	741	5990	14129	3805	86900
201301	1341	1131	156	2370	83133	1576	2131	16	355419	20527	49851	3211	3	2922	942	3811	184	5624	2433	268	30789	1453	28871	18965	30195	27095	153654	3891	193	107779	87475	8689	4827	0	67855	4471	11	7331	0	8496	9201	2880	813	5416	1389	40739	3540	3479	618	1131	582	7593	68400	7	62905	5	8	691	96	64469	41	108	1773	93	465	17026	14886	297	268	16	62	149582	1340	413	32388	91911	241	50287	6462	522	506759	798	6183	15802	4537	60545
201302	1571	1220	134	2310	79479	1137	3087	15	473893	25170	56154	2682	2	2995	852	3132	169	3841	1845	298	21052	1179	25582	22958	25703	29804	174952	3677	187	87411	55926	7126	4459	0	73692	3906	14	8171	0	11511	9361	3900	983	5920	1193	41562	2580	2910	499	1896	572	7075	62896	8	62088	6	5	920	111	96703	61	111	2265	129	714	16175	17530	377	405	12	95	100179	1088	307	32131	96686	199	66859	11066	434	478827	884	6038	22309	6293	81202
201303	1426	984	208	3000	114195	1804	2940	18	406194	21748	67615	4164	3	3105	949	3486	102	4938	2595	471	34210	928	31064	29696	26202	25740	135398	3641	128	92503	93211	8298	4984	0	72963	5035	8	8400	0	10871	10001	3360	1154	6109	1488	36624	2850	3479	559	1425	499	7679	88055	6	62088	8	7	831	125	57393	54	102	2344	118	659	22772	17252	494	336	14	101	161933	893	291	32388	120559	194	54859	8675	604	438925	960	5265	18033	5757	62682
201304	846	885	177	2490	70344	1879	2303	13	533129	26147	74491	4340	3	4420	650	3457	123	5258	1744	360	31052	881	40200	27700	29197	30617	132355	3284	154	95049	54492	11227	6243	0	75881	3863	9	7713	0	6577	7360	3720	783	7368	922	44031	3360	2490	371	1205	431	7593	57393	7	106203	6	7	861	141	66827	62	97	2304	128	631	15962	12104	435	301	10	59	100179	848	281	22620	151594	199	64573	8233	722	470847	808	4299	14129	4927	85476
201305	1100	1052	147	2790	103232	1091	2499	18	325801	18083	71626	3846	2	2922	605	3811	110	4161	1460	279	33158	1262	42393	31692	20463	28449	152133	4641	173	105233	73135	10641	6086	0	59829	5078	8	9088	0	8131	10321	2280	1114	4534	1451	50204	3810	3240	485	1499	538	9146	88841	5	103752	6	5	610	98	68400	53	71	1477	146	570	26390	11686	398	336	13	63	97434	1100	413	25447	93105	232	64002	10623	622	454886	989	5169	24168	6342	91886
201306	1426	816	190	2160	73998	1849	2376	20	376575	31279	74491	3034	2	4164	800	3782	156	5441	2372	441	33684	976	29236	26202	26701	24656	147569	2998	119	82320	65964	8884	5037	0	80988	4688	10	8018	0	10780	6160	3150	732	5038	1377	31686	2280	3510	381	1543	523	7852	69972	7	70257	8	8	839	136	71545	47	119	2265	151	454	27455	18086	460	349	13	70	138604	893	340	20564	111010	211	63430	6374	675	418974	1103	6038	15244	3756	67668
201307	1063	1033	206	3210	82220	1091	1862	16	473893	21748	53289	4128	2	2703	538	2068	156	4298	1784	408	28158	1024	27774	27700	20213	18966	120185	3570	160	79774	57360	12106	3672	0	69314	3082	8	9469	0	8405	7680	2490	742	7809	1365	44031	2250	3660	495	1764	460	8801	98276	8	98034	7	5	691	146	85696	58	110	1497	106	404	20644	10713	297	278	14	68	142721	1478	304	25447	128915	213	64573	6551	710	410993	694	4058	20264	4830	53422
201308	1354	1230	156	2970	73998	1500	2254	12	516205	29813	64177	2576	3	3799	949	2689	131	3658	2109	408	32368	1036	32891	27949	24705	33597	156696	2963	119	66195	80305	11910	5037	0	75881	5122	12	8477	0	8861	10401	2490	1074	4408	1599	43620	2940	2850	495	1425	480	9146	55034	6	70257	7	8	603	124	95131	41	78	2245	101	614	17877	15582	536	246	18	84	156444	916	426	20049	94299	236	72574	10623	610	395032	827	5603	21565	4537	60545
201309	1523	738	203	3030	111454	1879	1911	20	482355	27125	65896	4128	2	4310	897	3605	120	3841	2129	401	33421	1214	31064	21461	24705	23030	106493	3177	111	99293	70983	8591	4040	0	53262	4558	11	6873	0	9775	6400	2670	923	6486	1180	28805	3690	3449	346	1455	436	10786	67614	9	84962	8	7	596	128	81765	60	116	1989	163	554	26603	11965	506	298	16	63	159189	1077	331	20049	113397	259	71431	6462	463	494788	989	5990	24168	4244	67668
201310	1281	984	179	2760	73998	1516	3111	12	355419	19305	58447	2999	2	4566	733	2984	155	5579	2636	323	29473	905	33987	27200	30944	28720	120185	3070	185	95898	69549	9567	4932	0	81718	4688	13	8324	0	8770	6000	3780	853	6235	1537	47323	2730	2820	589	1293	388	8715	65255	8	85779	8	5	596	156	89627	63	108	2501	146	675	20857	13913	343	233	10	78	157816	836	317	22363	120559	190	56573	8144	704	426954	1141	5555	22681	4342	51285
201311	1245	856	158	3720	105059	1061	1739	16	516205	17105	55581	2893	2	4274	770	3575	168	5716	2393	298	28158	1107	36911	18716	23457	34952	112578	4533	149	77228	73135	8298	4722	0	66396	5209	13	9546	0	7217	8881	2880	702	7305	897	30451	2190	3780	623	1778	421	7420	84124	8	84962	8	7	736	106	99062	53	120	1753	153	531	18941	12382	419	349	19	108	157816	1180	370	19278	149207	243	68574	8498	516	279316	741	5845	16360	5025	76928
201312	1027	688	201	3420	76739	1864	2058	12	461199	17350	70480	4411	3	2776	561	2866	113	5076	2453	408	21052	893	32525	19964	22958	29533	196251	2784	172	95049	70983	10446	5719	0	94122	4818	10	9928	0	11602	8641	3540	1154	5353	1193	48558	3150	3240	598	1661	499	9664	94345	6	60454	7	7	750	92	93558	68	123	1516	123	409	18090	15721	494	349	19	108	134487	1157	403	24162	144432	185	62859	10800	704	363110	1008	5217	15430	6293	66956
201401	991	885	144	3360	72171	1697	1886	19	338495	24681	44694	3070	3	4566	830	2452	150	4984	2575	294	30789	1191	38373	29197	20712	20592	123227	4069	123	102687	90343	12691	6401	0	91203	5556	9	9698	0	7582	9361	2730	833	7620	1451	29628	2100	2730	564	1323	368	9060	66827	6	74342	7	6	816	134	98276	50	125	1753	160	626	24901	16834	301	353	17	91	128998	985	426	25705	137270	269	55430	9472	639	371091	1103	4686	17661	5610	84763
201402	1378	1230	116	2910	108713	1364	2817	18	537361	25170	68188	2470	2	4127	680	2482	134	4481	2535	312	28684	1298	47509	18466	30445	26553	146047	2998	172	68741	91777	11325	6348	0	82448	3168	11	8553	0	7582	8241	2760	1265	7053	1205	47735	2610	2790	643	1499	596	10872	66827	8	105386	6	6	721	125	91986	56	98	1635	158	404	26603	9878	389	268	18	93	128998	985	254	29817	118172	241	57145	7613	516	403013	893	5845	19520	5854	83339
201403	1221	1249	190	3270	80393	1440	1739	18	435812	20771	60739	2646	2	3141	762	3132	101	3932	2169	272	27105	881	44586	24455	18716	23572	159739	2784	141	104385	82456	9958	6243	0	73692	4341	10	5880	0	10140	7200	3090	1134	7431	922	51850	3449	2310	564	1852	363	6299	64469	6	99667	8	7	927	114	57393	39	81	1970	146	603	24688	11269	351	385	18	79	112530	1019	235	20049	140851	225	48573	7967	639	458876	951	6183	15058	4830	81914
201404	870	1092	201	2130	112367	1106	2474	16	469662	28102	55581	2505	3	4274	927	3486	143	5853	2251	368	21052	1059	36911	24206	26951	32784	193208	4498	144	72984	59511	10153	5666	0	74422	5252	10	7178	0	9866	6400	2700	1124	7620	1242	51438	3300	3240	589	1881	426	7852	90414	8	92315	9	5	846	104	70758	38	110	1812	128	686	18516	17669	540	249	14	81	109785	1340	264	18250	105042	190	43430	10003	504	466856	741	3430	21193	6049	54134
201405	1100	1180	160	3240	97750	1925	2205	20	537361	23703	70480	3599	3	2703	942	3634	111	5258	2413	298	28158	1238	32160	22709	18466	21134	146047	3177	158	62800	66681	10836	6506	0	69314	3516	11	6338	0	10232	7040	2790	913	5353	1180	50204	2460	2760	410	1528	354	11217	85696	6	84145	6	4	758	122	96703	50	124	1536	116	487	25326	17669	406	304	10	76	119391	825	403	23391	89524	213	65716	8498	493	442915	951	5169	14872	3415	91174
201406	1559	954	150	2700	85874	1409	1984	14	317339	22970	44694	2576	3	4164	949	2334	174	3887	2393	452	33158	1548	35815	19464	29446	31430	133877	2677	138	89957	88192	11813	5456	0	83907	4992	9	9240	0	11237	7040	3630	1224	7053	873	50615	2880	2790	450	1029	596	6212	90414	8	83328	9	6	772	148	61324	51	105	2186	132	648	20644	12939	490	304	16	93	127625	939	397	20821	102654	183	51430	10092	733	343159	1150	4589	14315	5952	76928
201407	1196	905	121	3540	104145	1409	2940	16	342726	31034	40110	3493	2	3835	605	2452	116	5533	2433	401	21052	952	33622	28698	17468	30346	127791	4212	131	75530	85324	11325	3830	0	62748	3342	7	6185	0	7126	7120	2280	883	8061	1008	47735	2340	2880	470	1352	378	6040	99848	5	71074	8	8	529	102	84124	52	90	2482	114	493	26178	14747	419	379	14	92	127625	905	317	20821	97880	299	46287	6462	504	514739	1207	4589	19148	5659	69093
201408	1269	1269	172	3300	94096	1121	1911	13	334264	27369	40110	2823	3	2812	613	3782	162	5944	1886	261	24210	1417	28871	19464	25953	20863	121706	4462	160	67044	69549	10836	5089	0	81718	3776	10	7484	0	10597	6320	3780	1044	6172	1143	44443	2100	2700	405	1675	421	7679	95131	8	63722	5	4	846	120	90414	45	113	2127	143	437	22347	10852	473	346	12	94	128998	1317	274	21849	124140	218	60002	7790	716	482817	1036	4637	16174	6147	64819
201409	1499	1230	116	2310	71257	1394	2107	12	321570	22726	65323	3881	3	4602	665	2925	156	3841	2210	345	22105	1250	39835	18716	26452	25740	149090	3570	154	72984	91777	12594	6296	0	80259	5296	13	8018	0	8039	8001	3660	883	7242	1217	30451	3660	3150	549	1558	509	8456	80193	7	82511	8	8	596	152	70758	68	69	1516	119	653	14898	11130	402	353	13	90	156444	1019	377	21078	103848	273	56002	8056	498	450895	1150	3671	20078	4830	61257
201410	1063	1072	187	2880	71257	1258	1739	16	406194	19305	55581	3317	2	3799	531	2541	140	5716	1703	342	31842	1048	32891	23457	26701	22488	130834	4069	166	105233	77437	12301	5614	0	93392	4731	12	7637	0	6486	8401	2520	1084	4975	922	43620	3540	3389	366	1866	368	8974	78621	6	105386	5	8	824	157	84124	59	79	1398	130	703	20644	9739	293	362	15	102	148210	1340	407	30331	138464	271	56573	7790	440	482817	989	3623	16360	5074	74079
201411	1039	1210	121	2880	77652	1622	2082	16	342726	23948	64177	3740	2	3251	815	3811	158	5487	2271	331	23947	1024	40566	26202	18716	27095	194730	2784	152	91655	88909	9372	4722	0	63477	4080	7	9698	0	11328	8561	2100	873	4660	1353	53496	3479	2340	613	1808	363	6126	64469	5	87413	8	5	647	85	66827	46	88	1753	152	631	20857	13078	477	268	16	84	135859	1054	334	32388	146820	220	72002	7347	698	395032	798	5410	24168	5366	91174
201412	1124	816	182	2100	105059	1743	2180	12	520436	29080	53862	4270	3	2776	673	2748	174	5258	1967	375	32895	1524	44586	25454	23457	27095	112578	4141	107	62800	88192	8103	6086	0	73692	3429	10	9698	0	9775	6880	3330	883	7305	1340	36624	3600	3810	475	1470	499	9578	83338	8	59637	7	5	566	148	87269	37	94	2442	93	609	21921	17391	410	372	17	63	122136	1352	278	18764	103848	194	51430	9384	651	474837	1150	5169	20078	3610	62682
201501	894	944	118	3479	71257	1455	2670	18	410425	20282	59020	3987	2	3470	905	3368	133	4298	2149	268	26842	1083	25582	26202	27700	29533	146047	2998	132	97595	53775	8786	5929	0	72963	5209	7	8477	0	9227	6560	2190	883	6549	1402	32920	2100	3690	430	1278	451	7162	88055	7	75159	7	6	853	117	83338	65	104	2482	163	487	18941	11686	419	324	19	103	97434	939	317	26476	130108	259	60573	7967	604	303257	874	5603	15058	5074	87612
201502	1257	1131	132	3810	65776	1440	2719	17	507742	22237	68188	3529	3	3799	598	2659	101	5670	2068	437	29737	940	25582	28448	30944	25469	188644	3248	167	95898	81739	11813	6243	0	87555	3125	8	6338	0	11694	8721	3870	712	4408	1070	33743	2610	3389	460	1323	591	9319	98276	6	79244	7	8	736	119	97490	57	114	1674	96	459	20644	17112	452	411	17	66	177029	1191	367	18764	127721	225	64002	8587	463	283306	732	4251	19706	4147	82626
201503	1051	1092	169	3000	63949	1152	2156	12	317339	24192	45840	4234	2	4347	964	2600	147	3932	1784	371	30789	1107	32525	21710	23956	26824	143005	2856	128	79774	52341	11227	6191	0	51803	5426	13	7560	0	7491	9521	2130	773	5794	1389	53496	3600	2970	435	1617	358	8715	77048	5	60454	5	6	831	104	58965	67	116	2561	109	670	15323	17112	473	398	16	88	96062	1123	291	17993	96686	167	54859	9826	739	311237	675	3816	19892	4732	81202
201504	1184	964	112	3389	70344	1061	3185	15	537361	19793	72772	2999	3	4383	680	3220	102	5853	1683	316	33684	1357	47144	27949	24455	24385	153654	3570	151	61952	57360	10739	6716	0	91203	5426	9	7102	0	10323	9761	3510	993	4975	1045	50615	3300	2910	534	1881	586	9837	92772	6	67806	5	5	625	119	58965	47	110	1635	92	587	24262	11269	293	372	15	61	115274	870	350	33416	118172	287	64573	10269	598	295277	732	3574	21937	3951	55559
201505	1184	826	171	2250	110540	1955	2695	18	385038	23948	40110	2470	2	3653	800	2275	102	5761	2413	331	26052	1405	25947	21710	26951	18966	174952	3034	169	72136	52341	9372	6558	0	89014	4644	8	5575	0	7856	9361	3030	1204	5353	1205	46089	3300	2280	485	1029	523	8974	78621	8	79244	6	8	839	96	62110	60	80	1418	95	542	26390	17252	439	272	16	60	97434	802	410	23391	96686	199	45144	9118	704	414983	903	3623	23610	3415	49861
201506	1571	1269	147	2220	104145	1394	3013	13	368113	25414	40110	3670	3	3872	710	3516	172	3338	1541	412	24737	833	26313	21211	27200	28720	176474	4319	110	68741	82456	11813	5981	0	91203	3603	9	7560	0	9958	8641	3780	1114	7935	1156	33743	2580	2190	579	1631	407	9837	67614	5	79244	6	5	559	139	62896	48	116	1654	147	421	24049	10156	477	343	16	69	133115	1157	327	32902	106235	204	62288	8498	663	426954	951	5362	23424	4635	59120
201507	894	1249	171	2910	91356	1728	2229	15	444274	24192	57301	3846	3	2630	553	3693	178	4527	2109	323	22631	1000	26678	19714	20962	24927	106493	3891	137	103536	90343	7419	5404	0	89744	3255	13	9851	0	11420	7600	3600	833	7746	1180	51438	3900	3180	569	1352	509	9578	73903	8	102118	5	5	949	137	78621	58	125	1635	118	432	26603	16695	381	392	18	84	102924	1077	393	31103	107429	187	60573	6197	434	343159	1093	4831	17847	4439	53422
201508	1027	1102	155	3690	106886	1697	2180	18	524667	19549	40110	3846	2	3689	725	2334	175	5441	2453	327	26842	1524	28871	18217	31692	20321	120185	3284	138	99293	55209	9177	4617	0	54722	4775	13	6720	0	9044	7440	3120	993	6235	1279	52261	2490	2160	495	1381	538	8456	98276	6	62905	7	5	934	147	76262	42	96	2344	90	415	22347	9739	326	291	14	94	133115	1088	400	23391	91911	250	56573	10712	592	375081	998	5748	15988	6293	81202
201509	1136	1102	142	3720	66689	1152	2621	12	478124	21993	44121	2752	3	2703	605	2836	185	4207	2311	375	21315	1238	29236	32191	18716	34410	155175	2606	143	100141	90343	7712	5614	0	78070	4514	11	9393	0	10780	6720	2880	1234	6298	1230	37858	3300	2520	584	1837	538	10354	101421	5	89864	8	6	596	146	98276	51	95	1398	133	554	16175	16556	398	346	10	102	112530	836	238	23391	108623	169	47430	10358	745	466856	1036	4347	23982	3610	51997
201510	967	1023	208	2520	87701	1243	2940	12	528898	29080	65323	3352	3	4639	770	3693	174	3246	1804	386	30263	1191	43124	21960	19714	32243	150611	3855	187	90806	68115	9958	6821	0	62018	4037	12	6185	0	7856	6720	2640	1154	5794	1094	30863	2130	2820	618	1837	368	9664	95917	7	101301	6	6	662	153	80979	46	71	1398	151	603	15536	17391	339	320	17	80	107040	1478	334	33416	120559	248	59430	11066	493	371091	865	3381	18591	3951	72654
201511	870	698	123	2280	86788	1713	1813	19	308876	22726	55581	3776	2	3653	613	2245	158	4801	1662	379	28947	1238	28505	29946	24455	30075	120185	3070	187	71287	89626	10251	4407	0	69314	3776	12	7178	0	8679	8801	3900	1204	6423	1168	43208	2790	2460	415	1308	552	8801	93558	6	93132	6	4	655	93	77834	48	73	1871	92	581	16387	16278	506	278	17	73	178401	1226	264	19792	122946	234	71431	6462	563	410993	732	4686	17661	5708	91174
201512	1112	757	123	3389	72171	1925	3013	13	465430	18327	49278	2752	3	3178	897	2304	139	5350	2332	312	26316	1250	25947	28448	17718	29533	132355	4105	149	82320	78871	10544	3882	0	70774	4254	11	7713	0	7308	8161	3180	1234	7431	1500	45677	2520	3810	628	1220	557	6903	79407	8	73525	5	8	647	129	60538	50	127	1733	139	603	21921	14191	305	252	16	59	174284	1237	317	30331	109816	257	52573	7170	581	446905	694	3574	19334	5952	54847
201601	906	895	121	2820	92269	1682	1935	16	507742	27125	53289	2470	3	4310	695	2511	162	5213	1581	448	22894	1488	45682	17967	29946	30888	147569	3177	155	94201	50907	11325	5666	0	83907	4210	12	7484	0	8953	7440	3780	793	6864	1574	31686	2880	2580	490	1778	582	6644	84910	6	93949	5	5	736	153	87269	58	123	1930	162	432	21070	11269	494	333	19	74	116647	1294	311	21592	130108	192	66288	10003	493	438925	836	5072	22123	5708	53422
201602	1378	1269	184	3810	98664	1516	3038	18	317339	24925	70480	4234	2	2703	598	3339	181	4527	2474	463	33158	1298	28140	27200	19464	32784	171910	3248	181	95898	78154	9274	4722	0	74422	4341	7	8553	0	10780	9841	3120	1114	6423	1525	32920	2190	3540	509	1484	451	8629	82552	6	103752	5	5	875	135	59751	58	83	2501	121	481	22985	13495	356	359	10	70	160561	1077	340	30846	146820	167	73717	8056	534	343159	1131	4299	22681	3512	52710
201603	1003	797	174	2160	69430	1197	2646	17	537361	30546	69907	4128	2	3324	643	3605	114	4984	1622	290	18684	976	25582	25953	20463	24927	126270	3320	196	79774	76003	11227	5456	0	77340	4384	9	7866	0	8222	6400	2760	1285	7431	1377	53084	2550	2370	499	1308	451	10182	87269	6	95583	5	6	839	139	68400	48	88	2561	127	481	25965	12660	494	288	14	103	107040	1306	258	28018	108623	296	61145	11331	763	347150	1198	3864	21193	5903	80489
201604	1076	964	150	3120	85874	1773	2499	18	545823	25414	74491	3423	3	2776	949	3191	118	5396	2514	460	33947	833	32525	20962	23457	20592	124749	3712	141	68741	88192	8103	6296	0	86825	4818	11	5651	0	11054	8641	3030	913	7620	1439	34155	2880	2400	346	1896	533	8024	58965	7	70257	9	7	596	98	75476	56	88	2324	120	393	21921	11269	339	327	12	86	177029	1031	301	23905	107429	259	43430	8410	416	283306	675	6135	13943	5171	58408
201605	955	1033	156	3300	106886	1318	2401	14	427350	18327	41829	3670	2	4383	598	2364	129	5807	1521	276	18421	1310	40566	17967	23956	26011	188644	3284	137	106931	68115	9274	5666	0	60559	5122	10	9011	0	9501	9761	2400	1104	6990	1303	51438	2130	2850	376	1719	591	9837	83338	6	62088	6	6	537	87	69186	51	113	2285	118	703	20006	10295	481	401	16	107	177029	1123	413	32388	85943	190	64573	11420	575	339169	1093	6183	16917	4683	71230
201606	1402	924	179	2460	96837	1379	1886	12	528898	27369	49278	3529	2	4383	815	2629	158	5350	2311	342	23947	1405	47144	32191	29696	26282	158218	4391	122	89957	68832	9079	3882	0	94122	4384	11	8629	0	9775	5840	3210	833	4849	1266	39093	3300	2970	504	1131	567	11217	99848	5	93949	6	5	809	107	66041	68	83	1654	156	404	23624	11965	305	349	16	58	109785	1100	370	21335	136077	276	68002	9207	757	335179	1207	4927	20636	5122	92599
201607	1499	1023	206	2640	64862	1379	2401	16	524667	26880	63604	2505	2	2776	695	2689	182	5441	2311	379	21052	1476	33622	19464	23707	30617	112578	4212	122	104385	55926	12496	6348	0	64207	4514	11	9011	0	7856	6240	2880	1164	8124	1107	39504	3479	3840	396	1528	412	8801	86483	6	102118	5	6	942	111	96703	42	100	2364	96	614	25965	16834	372	405	16	87	145465	1191	274	30846	120559	183	71431	6285	639	450895	846	3864	17847	6049	77640
201608	1027	924	161	2280	70344	1895	3087	11	317339	17839	62458	3670	3	2922	703	2127	146	5533	1865	397	30000	1512	43855	30944	26202	28720	191687	4212	144	95049	88909	8493	5089	0	83907	3906	13	5880	0	6943	6480	3510	1265	5164	1020	46089	2700	2100	361	1367	625	10441	81765	8	63722	8	5	831	139	79407	50	121	1398	140	415	26603	17669	402	278	18	88	98807	1008	403	18250	94299	192	49144	9384	633	494788	1017	3719	18591	4879	51285
201609	1305	964	128	2190	114195	1531	1960	18	330032	28346	48705	4234	2	4091	807	3546	130	4847	2433	401	21315	1536	35449	22958	29446	20050	143005	4034	108	65346	93211	11032	4774	0	62018	5078	10	6949	0	7308	8561	3449	1094	7116	1599	43208	2250	3090	490	1073	344	6126	91200	9	94766	7	7	699	114	101421	41	86	2068	144	698	16387	14191	465	369	15	106	111157	836	337	28275	112204	252	40001	8764	675	510749	1188	5700	13571	4098	75503
201610	991	1082	190	2220	82220	1379	2474	20	520436	22970	44121	2505	2	2849	620	2836	126	3978	2595	371	25526	1012	32160	25454	19215	20592	161260	3284	187	68741	81739	9274	4040	0	65666	3342	8	7026	0	10415	7760	2400	1305	7305	1242	48558	2820	2940	410	1749	412	8801	100634	5	65356	8	6	912	103	91200	44	125	2167	165	675	21708	15860	335	311	17	85	98807	928	287	30331	146820	292	65145	10003	633	359120	713	4637	13757	4488	60545
201611	882	1082	142	3780	90442	1925	2572	13	313108	29813	54435	4128	2	3726	852	2068	149	4527	1744	298	19473	917	35084	24955	24955	27365	193208	2998	141	61952	63096	8200	6243	0	53262	5339	12	6262	0	8861	9761	3270	732	4471	1463	32097	2190	2100	420	1190	426	11045	89627	6	71074	6	5	529	104	101421	46	109	1595	92	576	16813	10852	360	226	17	95	134487	1191	324	21592	109816	285	40001	9118	692	470847	903	5120	23052	5269	79065
201612	858	1279	168	3810	93183	1864	2866	20	304645	22726	60739	3705	2	4091	949	3102	155	4618	1906	437	27894	1333	35815	30694	30195	25469	149090	3570	111	76379	73852	7712	5142	0	93392	5426	14	8171	0	9775	7600	2820	1305	5983	971	37035	2760	3030	391	1323	485	8370	56607	7	80878	6	7	677	157	69972	64	71	1654	95	470	23624	11547	406	252	12	63	161933	1111	254	26990	120559	192	57716	7259	704	450895	722	6280	21937	5269	74079
201701	979	1249	169	3360	90442	1728	2058	20	524667	25170	45267	2858	2	4456	837	2866	136	5533	2048	471	27105	1083	32160	27949	22958	31430	106493	3177	117	106931	57360	10934	5194	0	65666	4427	10	5498	0	8496	9601	3090	1134	7809	910	41562	2940	3720	415	1837	543	6040	91200	7	65356	7	7	912	137	70758	39	92	1773	132	448	24049	11826	372	239	17	58	141348	905	291	30331	145626	276	74288	9472	528	486808	722	5893	21193	6147	67668
201702	1136	1092	174	2790	108713	1273	1960	14	423119	22237	73918	4375	3	4639	972	2511	146	3429	2210	419	33158	1381	44586	24206	17967	33868	164303	3677	138	67892	72418	9372	6401	0	67125	3212	11	8324	0	10597	6640	2700	1034	4975	1303	30451	2580	2340	529	1381	354	9233	71545	8	101301	7	7	559	126	90414	37	70	1536	120	509	24049	17391	519	401	16	68	113902	1019	354	23391	149207	208	64573	9472	657	414983	779	6135	23052	5220	53422
201703	1209	1230	124	3690	93183	1925	3136	17	541592	19549	46986	2752	3	4456	635	3014	149	3384	1764	298	20000	928	43124	18466	26701	32784	111057	2856	108	108628	53775	11422	4145	0	85366	5296	12	9240	0	6760	10081	3750	953	5857	1353	44031	2280	2130	435	1631	354	8283	80979	5	58820	5	8	618	119	98276	53	98	1477	125	675	22772	11130	314	281	12	108	135859	870	334	29817	90718	213	64002	6285	551	335179	665	3671	19706	4976	54134
201704	1112	974	137	3210	100491	1637	3136	11	334264	24925	53862	3140	3	2739	942	2245	185	3658	1419	334	28947	1548	29602	26452	29446	27636	158218	2713	170	72984	55209	12594	6086	0	63477	4601	11	7637	0	6395	5840	2130	893	6298	1402	45266	2850	3389	569	1778	339	9405	99848	4	86596	8	7	588	102	88841	39	114	1891	149	720	16813	15721	519	385	19	87	139976	1191	294	27761	150401	192	41715	10889	692	331189	1207	5169	21193	4781	86188
201705	1051	747	161	2340	74911	1819	1764	15	296183	30301	66469	3740	3	3689	568	2925	182	5670	2169	382	19210	1119	30698	31443	24206	27636	111057	4212	116	107779	52341	9567	6401	0	75881	4167	13	8247	0	10689	7600	2610	833	7179	934	52261	3030	2190	371	1146	397	8629	86483	5	84145	6	5	552	90	88055	56	97	1792	90	581	15110	13634	381	330	10	61	118019	1489	426	27504	152788	176	58859	10889	516	510749	1065	5603	13943	4683	51285
201706	930	954	116	3510	110540	1606	1788	14	495049	26636	71053	3176	2	4200	546	2600	181	5030	1804	316	18947	976	36180	20712	27949	23030	139962	2856	187	60254	63813	9372	6768	0	87555	4514	11	8400	0	7674	9441	2520	1094	7053	1193	48969	3570	2370	391	1558	475	9319	71545	8	75159	6	5	750	142	76262	51	101	2364	107	570	17239	12660	456	372	12	63	118019	951	294	31360	114591	162	72002	7436	722	303257	779	5797	16174	6147	86900
201707	1438	915	200	3540	95010	1197	2989	12	342726	27858	69334	3529	3	3726	695	3841	163	4527	1946	397	31052	1262	42027	22958	32191	27095	143005	3712	116	96747	50190	9958	5351	0	76611	3038	10	8247	0	6669	6080	3840	1265	6549	947	41562	2760	3180	470	1514	586	6903	58179	5	66172	9	6	772	134	71545	66	72	1595	105	465	23411	11269	305	285	19	103	128998	882	271	24419	108623	187	49144	6728	428	371091	893	3478	18962	4830	69093
201708	1474	993	140	2460	95010	1879	2303	18	376575	18083	55008	3670	2	4091	867	3368	101	3566	2129	294	24737	952	45682	30944	22209	33597	130834	2927	184	84017	86041	11910	3672	0	66396	4254	9	7255	0	8222	7360	2850	783	5542	1389	37035	3000	3180	465	1161	606	9578	95131	4	80878	9	6	794	92	75476	49	70	2442	156	576	22559	16278	343	311	18	95	145465	859	357	28275	95492	236	53716	8144	727	351140	1103	4492	16545	6001	91174
201709	967	1013	203	2400	73084	1682	1935	12	334264	22237	67615	4023	3	4639	680	3457	175	4207	2169	386	18947	1143	32525	19464	24455	20321	146047	2856	167	74682	55209	11617	3672	0	74422	4601	13	9775	0	6943	8241	2370	913	4975	1328	37447	2190	3150	559	1411	455	6989	73117	8	82511	7	7	853	124	87269	45	87	1379	124	387	14898	9878	452	382	12	73	163306	1363	387	32388	99073	259	48573	8587	422	418974	1008	6038	16545	3903	59120
201710	846	846	126	3090	95010	1713	2376	13	368113	18327	44694	3387	2	2666	897	2186	124	4618	1987	474	26316	1012	36546	30445	29946	28720	152133	3034	190	68741	81022	8786	6401	0	72233	3689	10	8477	0	9318	7200	2760	1244	6738	1439	50615	3660	3540	346	1866	455	8974	102207	5	73525	7	8	691	95	95917	37	125	2285	147	698	14898	10017	515	230	15	69	109785	1146	244	32388	99073	301	45716	6374	540	454886	694	5555	15430	4830	89749
201711	1221	1102	187	3630	79479	1273	2572	20	359651	23215	69907	3246	3	2666	695	2275	140	4161	1845	430	27368	1536	37276	17468	29197	35223	150611	3819	178	81471	52341	6834	5614	0	80259	4471	11	7789	0	10049	6960	3540	1134	5290	1008	29217	3150	3449	455	1617	455	8801	88841	8	78427	8	8	758	112	60538	51	73	1950	96	498	27667	15860	297	249	17	89	118019	1100	278	21849	112204	197	44573	8587	575	291286	1084	5845	19706	3464	81914
201712	1354	915	116	2280	63949	1849	3038	20	363882	27369	56727	3423	2	4164	897	3516	130	5670	2109	379	18421	1095	34353	23208	26452	21405	176474	3462	119	78925	80305	7029	5299	0	62018	4644	9	7560	0	11145	9361	3810	702	6172	1254	41562	3420	2130	643	1176	363	9319	98276	6	102935	6	9	713	87	55820	53	84	2088	123	675	23836	13078	527	317	12	98	145465	1432	377	20821	105042	248	71431	10358	710	327198	684	3381	18405	4195	91174
201801	1184	1279	196	2460	64862	1591	2033	14	545823	28835	49851	4058	2	2995	852	2452	123	3201	1946	375	32631	1369	41296	19964	23956	32784	165824	3320	126	75530	80305	9763	6768	0	90474	4731	13	7102	0	9684	9761	2940	803	5542	1254	48969	2760	3210	539	1058	615	7248	66041	6	62905	6	7	816	117	57393	62	69	1497	107	659	27029	12799	410	398	18	78	116647	1008	423	24676	127721	276	69716	8853	751	343159	951	3526	16731	5903	91886
201802	1184	777	182	3389	87701	1864	2670	14	410425	30546	63031	3599	2	4420	635	2127	107	5396	2352	452	32631	1512	46778	24206	24455	21405	174952	3784	181	74682	73852	8493	5561	0	67855	3906	12	6644	0	11785	10401	3150	873	7872	1340	39504	2970	2460	579	1661	339	10958	80979	8	71074	6	6	669	126	84910	57	85	1595	109	659	16175	10852	444	226	17	61	167423	1134	327	29560	115785	236	54859	10269	675	422964	665	4251	14686	3756	76216
201803	882	954	136	2130	114195	1864	2964	12	541592	27125	72772	4164	2	3616	688	3339	187	4847	2555	471	33947	1226	36911	20463	18217	30346	185602	3213	135	61103	68115	7126	5876	0	74422	3646	13	9240	0	8679	6720	2820	1144	4471	1402	45677	2340	3600	346	1646	388	6903	63683	5	80061	7	8	883	128	86483	41	78	2186	116	493	21070	12939	322	405	17	99	126253	1237	271	22620	116978	183	58859	7525	751	510749	751	5217	15988	5513	61257
201804	991	1269	188	3150	89528	1940	2058	11	296183	26880	52143	2823	2	4054	665	3043	175	3384	1581	463	21842	1048	42393	31193	30195	28449	136919	3998	152	99293	68832	8298	3935	0	73692	4254	10	6109	0	10780	8561	3720	893	5164	1574	41562	3300	2700	569	1587	577	6989	69972	7	60454	7	6	942	112	75476	43	81	2521	147	698	20006	15165	486	233	15	99	174284	1237	317	20821	137270	264	67431	9826	534	327198	789	5990	15244	3756	91886
201805	1124	905	201	2160	107800	1288	2499	17	427350	21504	56154	2646	2	3031	792	3309	143	4573	2251	382	20263	1464	42758	18716	19964	23030	182559	2856	117	62800	67398	11617	3987	0	86096	3950	8	7789	0	7400	9921	3270	1174	7935	1463	45677	2610	2700	356	1043	582	9146	66827	5	86596	8	9	552	158	100634	44	122	1438	163	659	19367	11547	335	307	13	72	112530	893	287	23391	99073	290	41715	6993	675	287296	1179	4637	20078	5122	52710
